user_id,product_id,interaction_type,timestamp
1,169,0,2026-02-28 20:42:32
1,143,0,2026-01-26 04:13:01
1,124,1,2026-06-03 16:47:34
1,19,0,2026-05-22 20:49:05
1,144,0,2026-03-23 04:51:36
1,54,1,2026-01-27 14:01:18
1,37,1,2025-12-10 22:13:42
1,189,0,2026-01-31 05:14:22
1,36,0,2026-02-21 11:35:52
1,66,0,2025-12-23 02:11:58
1,137,0,2025-12-26 16:25:25
1,119,1,2025-12-10 01:14:29
1,40,0,2026-03-03 11:11:45
1,124,1,2026-01-10 01:15:11
1,161,0,2025-12-27 11:02:29
2,90,0,2026-02-06 12:11:44
2,13,0,2026-02-16 18:52:36
2,25,0,2026-05-24 05:50:38
2,62,0,2026-01-02 09:57:24
2,59,0,2025-12-31 00:35:36
2,155,0,2025-12-22 05:11:59
2,103,0,2026-03-16 00:30:01
2,141,0,2026-03-25 14:27:41
2,168,0,2026-04-11 05:30:01
2,92,1,2026-05-20 00:51:09
2,76,0,2026-01-08 20:42:49
2,145,0,2026-02-23 05:18:17
2,7,1,2026-03-18 12:05:30
2,96,0,2026-03-10 08:46:06
2,85,0,2026-05-28 03:53:06
2,116,0,2026-04-01 09:36:15
3,78,0,2026-05-03 05:19:47
3,68,0,2026-06-04 14:44:52
3,18,0,2026-05-11 20:10:15
3,141,0,2026-02-13 10:51:02
3,35,0,2026-05-09 00:43:30
3,25,0,2025-12-27 23:51:23
3,10,1,2026-03-16 13:34:34
3,159,1,2026-02-20 03:37:05
3,12,0,2026-01-02 21:38:52
3,25,0,2026-05-13 18:40:01
3,3,0,2026-04-11 20:35:01
3,53,0,2026-01-18 21:23:41
4,16,1,2026-01-10 20:25:50
4,19,0,2026-02-18 13:07:11
4,1,0,2026-03-30 16:10:09
4,49,1,2026-02-10 18:20:23
4,4,0,2026-02-28 20:19:11
4,164,0,2026-02-22 22:43:23
4,6,0,2026-05-08 05:03:39
4,160,0,2026-04-03 18:22:22
4,134,0,2026-01-20 17:32:20
4,134,0,2025-12-23 23:50:52
4,7,1,2026-03-10 09:36:33
4,29,0,2026-06-04 23:30:23
4,40,0,2026-01-16 02:18:48
4,77,0,2026-06-02 12:31:54
4,144,0,2025-12-12 15:37:46
4,125,0,2026-04-17 18:18:23
4,44,1,2025-12-10 05:26:47
4,195,0,2026-02-16 13:48:17
4,14,0,2026-05-31 13:26:56
5,117,0,2026-04-08 08:16:06
5,76,0,2026-05-07 00:58:25
5,97,0,2026-04-09 13:32:03
5,149,0,2026-05-20 19:04:02
5,147,0,2026-04-09 13:46:06
5,42,0,2025-12-23 03:57:12
5,138,0,2025-12-28 03:12:14
5,155,0,2026-02-27 14:20:13
5,10,0,2026-01-09 18:34:39
5,111,0,2026-01-02 16:29:39
5,55,0,2026-06-01 19:48:23
5,20,0,2026-01-11 03:49:06
5,149,1,2026-01-21 20:10:55
5,95,0,2026-02-12 06:58:59
5,41,1,2026-06-05 19:43:54
5,37,0,2026-05-11 10:07:04
6,119,0,2026-05-06 02:46:56
6,139,0,2026-04-05 21:26:53
6,193,0,2026-06-01 14:53:42
6,40,1,2025-12-29 02:38:57
6,67,0,2026-02-26 07:14:46
6,119,0,2026-01-15 14:42:03
6,128,0,2026-05-16 19:25:01
6,50,0,2026-05-02 10:24:46
6,182,1,2025-12-28 03:35:29
6,184,0,2025-12-30 10:56:03
6,27,0,2026-03-20 14:16:14
6,183,0,2026-01-03 07:28:27
6,102,0,2026-04-19 16:52:29
7,70,0,2026-05-21 10:02:45
7,87,0,2026-02-02 19:12:15
7,72,0,2026-02-18 07:19:49
7,92,0,2026-01-15 14:21:17
7,28,1,2025-12-31 02:29:03
7,69,0,2026-03-31 17:14:48
7,156,1,2025-12-15 18:41:38
7,64,0,2026-05-21 00:20:13
7,82,0,2026-02-10 05:06:27
7,19,0,2025-12-30 07:27:44
7,42,1,2026-01-08 09:55:01
7,113,0,2026-04-01 09:28:43
7,195,0,2026-01-09 05:48:48
7,116,0,2026-02-22 11:00:23
7,122,0,2026-04-08 09:58:51
7,159,0,2026-03-02 18:57:13
7,28,0,2026-01-09 02:40:34
8,6,0,2026-04-06 21:43:04
8,152,0,2026-03-11 23:34:11
8,80,0,2026-04-09 10:40:37
8,142,0,2026-02-01 13:09:39
8,108,0,2025-12-25 17:02:05
8,65,0,2026-03-09 06:44:50
8,127,0,2026-01-12 03:53:55
8,131,0,2026-02-06 16:28:41
8,22,0,2026-01-06 15:28:00
8,148,0,2026-01-08 22:53:17
9,49,0,2026-02-26 03:57:41
9,119,0,2026-02-13 12:38:58
9,29,0,2026-03-01 19:14:24
9,165,0,2026-04-09 14:25:16
9,148,0,2026-05-19 02:35:16
9,58,0,2026-02-05 22:19:38
9,118,0,2026-01-16 16:44:41
9,139,0,2026-04-12 04:52:40
9,63,0,2026-04-08 21:45:27
9,15,1,2026-05-12 21:47:12
9,58,0,2026-03-14 04:27:41
9,165,1,2026-02-18 12:59:06
9,114,0,2026-05-16 09:46:46
9,19,0,2025-12-11 18:02:32
10,71,0,2025-12-24 15:11:12
10,200,0,2026-05-31 06:04:21
10,189,0,2026-06-04 19:35:38
10,57,1,2026-03-03 05:35:47
10,85,1,2026-05-19 10:12:34
10,123,0,2026-01-02 05:30:41
10,32,0,2026-04-08 01:28:30
10,82,0,2026-01-18 17:18:17
10,131,0,2026-04-19 08:17:05
10,127,1,2026-05-12 03:04:04
10,18,1,2026-05-17 00:41:37
10,52,1,2026-05-17 23:47:41
10,123,0,2026-01-14 02:59:03
10,10,0,2026-05-28 01:30:15
11,183,0,2025-12-13 17:54:02
11,64,0,2026-01-26 08:37:58
11,34,0,2026-03-03 18:52:19
11,129,0,2026-01-17 21:01:11
11,98,0,2026-01-15 00:12:10
11,59,1,2025-12-31 09:59:07
11,69,0,2026-01-19 01:05:46
11,93,0,2026-03-28 08:30:41
11,109,1,2025-12-11 18:34:20
11,103,1,2026-04-23 16:41:17
11,199,1,2026-03-20 01:18:02
11,37,1,2026-03-02 00:58:04
12,67,0,2026-05-07 02:24:35
12,36,0,2026-02-21 12:45:01
12,168,0,2026-05-11 00:06:51
12,119,0,2026-02-01 20:35:17
12,81,0,2026-05-21 22:11:30
12,72,0,2025-12-27 14:16:22
12,92,0,2025-12-20 04:03:34
12,136,0,2025-12-23 15:47:57
12,177,0,2026-03-23 09:43:16
12,103,0,2026-05-29 17:16:09
12,5,0,2026-03-09 05:38:07
12,37,0,2026-05-07 16:23:08
12,7,1,2026-04-16 16:14:49
13,119,0,2026-01-08 04:39:26
13,109,1,2026-05-04 22:55:22
13,48,0,2026-02-18 14:25:10
13,177,1,2026-05-14 14:03:34
13,105,0,2026-01-22 13:22:22
13,112,0,2026-04-24 04:36:50
13,165,0,2026-04-01 09:33:00
13,144,0,2026-04-26 20:58:21
13,76,0,2026-03-15 06:56:12
13,53,1,2026-02-14 14:05:14
13,118,0,2026-03-14 16:23:12
13,127,0,2026-04-14 00:43:07
13,5,0,2026-01-26 04:58:18
13,67,0,2026-04-19 01:41:54
13,25,0,2026-01-24 12:44:33
13,72,0,2026-01-25 06:38:30
13,26,1,2026-02-19 11:46:41
14,66,0,2025-12-15 21:20:01
14,153,0,2025-12-21 12:21:40
14,16,0,2026-03-03 16:25:21
14,172,0,2026-02-07 16:32:24
14,106,0,2026-03-03 23:22:50
14,60,0,2026-05-14 07:09:59
14,115,0,2026-02-10 10:40:26
14,87,0,2025-12-25 22:43:34
14,22,1,2026-03-19 19:33:26
14,153,0,2025-12-12 23:39:14
14,78,0,2026-01-22 10:42:41
14,31,0,2026-04-20 09:27:42
14,190,0,2026-04-07 13:42:22
15,104,1,2026-05-16 20:17:00
15,70,0,2026-01-18 01:41:21
15,49,1,2026-05-12 07:50:09
15,1,0,2026-05-28 16:56:04
15,168,0,2026-03-02 16:08:14
15,115,0,2026-05-29 21:32:15
15,181,0,2026-02-26 01:30:22
15,139,0,2026-04-16 17:41:55
15,134,0,2026-01-09 18:28:04
15,48,0,2026-05-03 15:53:43
15,195,0,2026-02-13 17:58:57
15,101,0,2026-03-15 11:14:06
15,93,1,2025-12-19 07:53:36
15,99,1,2026-01-30 16:16:23
15,153,1,2026-05-10 00:08:47
15,136,0,2026-05-02 21:13:12
15,13,0,2026-01-15 12:25:33
16,125,1,2026-03-02 06:33:24
16,4,0,2026-02-11 18:18:30
16,40,0,2026-01-18 03:26:49
16,133,0,2026-05-28 09:43:00
16,11,0,2026-04-27 10:07:08
16,121,0,2026-01-06 01:54:34
16,84,0,2026-02-23 19:20:56
16,29,0,2026-05-25 17:57:55
16,25,1,2026-03-15 11:01:21
16,168,0,2026-01-21 11:43:13
16,104,0,2026-01-05 11:37:45
16,27,0,2026-04-04 10:53:21
16,2,0,2026-02-08 18:02:27
16,4,0,2026-01-22 14:39:37
16,17,0,2026-02-19 18:21:58
17,20,0,2026-05-09 03:53:16
17,83,0,2025-12-17 13:34:37
17,153,0,2026-02-24 02:19:56
17,196,0,2026-05-13 18:06:32
17,103,1,2026-04-01 18:26:06
17,177,0,2026-01-28 13:58:56
17,49,1,2026-02-10 23:27:19
17,48,0,2026-02-16 04:02:25
17,193,0,2026-01-28 18:08:59
17,173,0,2026-05-01 09:22:07
17,114,1,2026-04-07 14:04:58
17,143,1,2026-04-21 20:29:49
17,184,0,2026-05-17 03:26:03
17,85,0,2026-01-06 02:26:06
17,11,0,2025-12-16 22:15:46
18,157,0,2025-12-28 18:04:34
18,196,0,2026-02-16 20:37:19
18,27,1,2026-04-25 13:46:17
18,66,1,2026-01-16 08:36:34
18,26,0,2026-02-21 00:15:40
18,66,0,2025-12-26 03:27:58
18,28,0,2025-12-31 00:50:29
18,49,0,2026-02-03 01:01:07
18,97,0,2025-12-21 14:25:58
18,35,0,2026-02-22 15:30:24
18,52,0,2026-05-16 19:08:57
19,192,0,2026-02-01 23:46:45
19,174,0,2026-01-07 19:57:03
19,46,0,2025-12-15 09:49:39
19,180,0,2026-03-14 05:43:33
19,47,0,2026-06-03 23:52:06
19,176,0,2026-05-12 08:11:50
19,44,0,2026-04-28 06:14:13
19,144,0,2026-03-11 03:04:03
19,138,0,2026-04-16 05:21:30
19,135,0,2026-01-22 06:09:18
19,58,1,2025-12-14 15:04:38
19,167,1,2026-03-30 12:07:17
19,55,1,2026-04-06 01:47:53
19,53,1,2026-05-18 16:50:44
20,175,0,2026-04-14 09:52:10
20,167,0,2026-05-08 14:45:20
20,135,1,2026-02-25 00:25:02
20,34,0,2026-02-24 04:33:42
20,20,1,2026-05-27 14:26:33
20,21,0,2026-04-16 18:24:18
20,174,0,2026-01-09 05:07:22
20,46,0,2026-02-12 02:03:31
20,119,0,2026-04-12 05:35:02
20,74,1,2026-04-06 03:57:56
20,86,1,2025-12-17 16:57:18
20,52,0,2026-03-08 03:17:53
20,102,0,2025-12-15 00:14:59
20,31,0,2025-12-13 09:19:44
21,154,0,2026-05-03 22:51:28
21,47,0,2025-12-29 19:00:42
21,49,0,2026-04-30 12:00:41
21,52,0,2026-01-16 13:36:00
21,123,0,2026-05-17 02:25:44
21,65,0,2026-02-27 20:05:22
21,8,0,2026-03-24 04:52:18
21,157,0,2026-02-18 12:42:27
21,138,1,2026-04-20 11:58:27
21,85,0,2026-05-03 04:02:36
21,197,0,2026-06-05 18:25:05
21,8,0,2026-03-24 01:42:13
21,146,1,2026-01-10 18:56:17
22,27,1,2026-04-12 19:30:08
22,133,0,2026-03-05 07:45:40
22,34,1,2026-01-23 09:27:10
22,69,0,2026-05-05 08:53:38
22,179,0,2026-06-04 12:47:04
22,191,0,2026-04-28 20:35:49
22,92,0,2026-02-03 10:59:08
22,76,0,2026-03-06 07:51:00
22,165,0,2025-12-21 02:16:12
22,93,0,2026-03-08 09:44:19
22,132,1,2026-06-07 08:25:37
22,150,0,2026-03-22 19:27:20
22,71,0,2025-12-12 21:04:39
22,109,1,2026-01-20 08:50:18
22,172,0,2026-02-21 13:01:52
22,48,0,2025-12-10 22:14:47
23,139,0,2026-04-24 17:36:06
23,7,0,2026-02-12 02:50:00
23,148,0,2026-01-16 21:00:20
23,29,0,2026-01-05 13:17:14
23,3,0,2026-05-04 19:58:11
23,166,0,2026-03-27 10:58:39
23,47,0,2026-01-31 08:59:41
23,179,0,2026-04-13 22:57:46
23,200,0,2026-01-25 07:49:22
23,43,0,2025-12-17 02:54:15
23,188,0,2025-12-22 15:21:28
23,116,0,2026-02-03 22:30:12
23,95,0,2026-04-24 23:33:53
23,117,0,2026-05-02 01:23:41
23,98,0,2026-05-17 01:34:41
24,31,1,2026-01-27 03:41:30
24,183,0,2026-04-22 16:45:35
24,7,1,2026-03-18 10:35:34
24,159,0,2026-01-22 20:33:59
24,32,1,2026-02-01 01:54:36
24,137,1,2026-04-05 08:42:28
24,134,0,2026-04-02 05:39:13
24,128,0,2026-05-31 05:44:19
24,110,0,2026-05-24 06:03:25
24,72,0,2025-12-10 19:43:44
24,100,0,2025-12-20 02:31:53
24,24,0,2026-05-11 17:05:29
24,182,0,2025-12-15 00:49:35
24,165,0,2026-05-21 00:57:47
24,3,0,2026-03-20 06:11:45
25,67,1,2026-05-02 17:15:55
25,35,1,2026-01-14 04:38:48
25,92,0,2026-05-10 17:44:57
25,112,1,2026-01-10 14:42:14
25,52,0,2026-03-29 23:55:17
25,82,0,2026-03-17 00:04:10
25,164,0,2026-05-19 13:33:56
25,133,0,2026-01-07 17:11:28
25,198,0,2026-05-04 03:46:37
25,44,0,2026-01-27 05:06:29
25,152,0,2026-04-10 17:30:17
25,158,0,2026-01-02 03:03:45
25,59,1,2026-04-23 17:31:06
26,27,0,2026-02-18 11:44:51
26,150,0,2026-04-27 12:31:43
26,28,0,2026-04-25 23:20:43
26,35,0,2026-05-28 21:42:03
26,18,0,2026-02-08 20:19:35
26,12,1,2026-06-02 22:43:48
26,199,0,2026-03-18 04:52:29
26,11,0,2026-01-17 12:27:08
26,85,0,2026-01-12 02:45:07
26,9,0,2026-02-03 06:53:40
26,157,0,2026-01-15 03:50:54
27,121,0,2026-02-07 01:55:32
27,157,0,2026-04-17 14:47:23
27,179,0,2026-04-30 23:50:02
27,108,0,2026-04-17 09:53:23
27,46,1,2026-02-11 17:39:50
27,8,0,2026-01-02 08:44:22
27,65,1,2026-04-02 10:16:42
27,166,0,2026-02-15 12:19:56
27,84,1,2026-01-22 17:44:04
27,41,0,2026-01-02 15:28:26
27,189,0,2026-04-02 02:53:23
27,93,0,2026-01-05 07:25:20
27,179,0,2026-05-10 22:48:16
27,181,0,2026-05-28 15:19:04
27,94,0,2026-05-20 14:40:00
27,137,0,2026-04-08 19:48:05
27,147,0,2026-01-15 04:57:49
28,165,0,2026-04-01 22:56:24
28,103,0,2025-12-23 13:28:37
28,131,0,2025-12-17 09:40:29
28,190,0,2026-04-08 01:40:19
28,15,0,2026-04-28 14:59:46
28,95,1,2026-03-01 06:49:11
28,20,1,2026-05-09 23:33:38
28,72,0,2026-01-04 07:49:03
28,59,0,2026-03-06 14:45:35
28,194,0,2026-03-14 20:31:21
28,190,0,2026-02-19 10:06:22
28,192,0,2026-05-07 10:56:40
28,152,0,2026-01-10 05:14:47
28,171,0,2026-02-28 11:08:00
28,175,0,2026-05-15 05:49:58
28,131,0,2025-12-12 17:57:20
28,104,0,2026-03-16 19:26:28
28,157,0,2026-03-31 11:08:45
28,152,0,2026-03-16 01:02:10
29,81,1,2026-06-02 18:57:05
29,60,0,2026-03-31 00:45:46
29,106,0,2026-05-01 18:59:56
29,115,0,2026-05-24 09:20:44
29,161,0,2025-12-16 07:49:40
29,166,1,2026-03-03 23:54:06
29,192,1,2026-04-25 10:04:28
29,144,0,2026-03-07 16:42:22
29,74,1,2026-04-27 22:53:49
29,159,1,2025-12-23 07:07:05
29,17,0,2026-02-04 15:04:02
29,144,0,2026-05-20 09:28:19
29,197,1,2026-03-09 02:04:26
29,170,0,2026-01-27 18:02:44
30,10,0,2026-04-29 19:18:53
30,6,0,2026-02-16 10:41:10
30,97,0,2026-02-25 18:43:49
30,199,1,2026-05-11 14:09:48
30,88,0,2026-02-08 06:07:18
30,149,0,2026-03-26 20:17:36
30,29,0,2025-12-24 13:46:43
30,189,0,2026-05-01 00:51:34
30,191,1,2026-04-28 07:13:40
30,71,0,2026-03-14 17:05:50
30,128,1,2026-02-04 10:44:39
30,193,1,2026-03-10 17:43:58
30,181,0,2026-02-18 06:33:53
30,106,0,2026-03-29 10:11:11
30,168,1,2026-02-13 18:33:15
30,132,0,2026-05-18 11:19:53
30,146,0,2026-05-17 23:05:26
31,1,0,2026-03-25 07:14:57
31,175,0,2026-04-20 04:59:21
31,182,1,2026-01-26 20:51:41
31,199,0,2026-02-22 18:32:46
31,76,0,2025-12-11 21:43:58
31,158,0,2026-02-25 19:04:05
31,9,0,2026-05-24 00:12:34
31,21,0,2026-05-31 04:13:59
31,4,1,2026-05-02 11:24:58
31,199,0,2025-12-10 03:00:45
31,197,1,2026-02-12 01:59:05
31,42,0,2026-04-27 21:25:55
31,155,0,2025-12-17 20:27:35
31,166,0,2025-12-21 01:03:52
31,174,0,2025-12-09 19:43:37
31,145,0,2026-02-20 23:29:27
31,56,0,2026-03-07 16:50:35
31,130,1,2026-04-15 23:58:02
31,96,0,2026-01-28 20:39:11
31,141,0,2026-01-12 20:33:47
32,12,0,2026-05-17 06:58:29
32,198,1,2026-04-23 11:23:20
32,93,1,2025-12-30 14:53:23
32,31,0,2025-12-17 05:25:18
32,144,0,2026-04-07 16:14:23
32,182,0,2026-04-05 17:50:03
32,162,0,2026-01-17 01:46:54
32,48,1,2026-04-25 17:31:42
32,52,0,2026-02-22 15:24:50
32,106,0,2025-12-16 05:55:16
32,16,0,2026-01-02 10:05:55
32,184,0,2026-02-06 00:49:39
32,115,0,2026-04-02 02:07:04
32,166,0,2026-06-04 12:45:43
32,111,0,2026-04-25 08:22:46
32,155,0,2025-12-10 10:18:03
32,43,0,2026-01-12 13:23:53
32,10,1,2026-05-02 18:11:58
33,36,0,2026-03-03 20:48:06
33,189,0,2026-03-23 01:11:48
33,37,0,2026-05-31 11:28:25
33,56,1,2026-06-04 18:37:52
33,96,0,2026-03-24 03:42:40
33,173,0,2026-03-11 04:42:49
33,177,0,2025-12-25 13:56:59
33,136,0,2026-01-23 07:59:51
33,113,1,2026-03-12 14:38:41
33,175,1,2026-05-13 01:52:05
33,152,0,2026-03-14 12:15:37
33,120,0,2026-01-15 03:54:46
33,136,0,2026-03-21 21:14:39
33,86,0,2026-05-10 19:02:40
33,141,1,2025-12-11 12:09:23
33,141,0,2025-12-18 14:41:30
33,152,0,2026-03-24 09:39:00
33,103,0,2025-12-27 11:21:05
33,109,0,2026-01-03 02:42:58
33,159,0,2025-12-09 23:54:42
34,176,0,2026-03-12 00:03:22
34,124,0,2026-05-30 05:14:06
34,131,1,2026-02-13 13:39:32
34,6,1,2026-03-12 01:37:40
34,65,0,2026-01-16 23:37:21
34,171,0,2025-12-14 05:43:37
34,49,0,2026-01-10 19:49:14
34,95,0,2026-04-14 18:17:27
34,119,0,2026-04-13 17:07:20
34,79,0,2026-05-27 02:42:57
34,104,0,2025-12-14 11:41:38
34,63,1,2026-04-03 23:02:18
34,136,0,2026-04-05 13:25:25
34,84,0,2026-04-26 14:38:34
34,71,0,2026-01-14 20:51:44
34,8,0,2026-01-07 13:46:44
34,165,0,2026-04-05 00:49:29
34,103,0,2026-03-02 13:03:01
35,195,0,2026-01-07 05:28:37
35,106,0,2026-04-27 00:25:14
35,159,0,2026-05-06 19:44:19
35,155,0,2026-04-22 08:20:26
35,23,0,2026-03-02 03:42:50
35,182,0,2025-12-29 06:45:31
35,120,0,2026-01-30 20:51:09
35,167,0,2025-12-10 07:20:37
35,60,0,2025-12-13 18:56:30
35,23,0,2026-04-12 15:36:39
35,68,0,2026-01-17 21:32:38
35,36,0,2026-02-07 12:46:35
36,22,0,2026-02-04 07:31:49
36,13,0,2026-06-05 19:14:08
36,126,0,2025-12-12 18:25:19
36,170,0,2026-04-10 13:48:20
36,24,0,2025-12-29 13:49:41
36,1,1,2026-05-19 01:52:43
36,150,1,2025-12-10 10:26:24
36,164,0,2026-03-16 04:43:01
36,45,0,2026-02-23 10:46:18
36,126,0,2026-04-04 23:02:49
36,58,0,2026-03-07 21:21:17
36,142,0,2026-04-20 00:44:53
36,129,1,2026-05-03 07:32:30
37,127,1,2026-04-29 13:51:45
37,167,0,2026-02-09 01:05:17
37,10,0,2026-02-03 14:22:12
37,193,0,2026-05-30 09:45:14
37,49,0,2026-05-27 22:35:55
37,36,0,2026-05-21 20:18:06
37,26,0,2026-05-07 08:47:46
37,4,0,2026-02-14 19:13:36
37,95,0,2026-04-07 16:54:00
37,12,1,2026-03-28 17:27:27
37,182,0,2026-05-11 08:47:18
37,12,1,2026-02-19 20:11:08
38,107,0,2026-03-24 14:37:17
38,42,0,2026-03-06 22:04:41
38,186,0,2026-01-30 08:08:37
38,145,0,2026-03-23 10:10:52
38,154,0,2025-12-29 03:13:42
38,156,0,2026-04-16 08:53:09
38,54,1,2026-03-10 08:44:43
38,157,1,2026-05-31 02:58:58
38,128,0,2025-12-12 04:59:29
38,64,0,2026-01-05 10:25:16
38,31,0,2026-05-16 10:54:48
38,108,0,2026-01-17 17:30:36
38,27,1,2026-05-16 20:13:16
38,111,0,2026-01-24 04:25:53
39,147,0,2026-02-20 08:00:22
39,150,1,2026-02-12 02:30:38
39,147,0,2026-05-09 06:03:27
39,74,0,2026-06-05 04:51:33
39,61,0,2026-01-25 08:08:01
39,5,0,2026-05-29 09:09:53
39,185,0,2026-01-16 21:59:51
39,49,0,2026-01-14 00:47:19
39,129,1,2026-05-26 06:56:40
39,74,1,2026-04-04 08:32:34
39,63,1,2026-03-02 01:02:20
39,65,0,2026-04-04 11:42:27
39,18,1,2026-04-21 11:27:42
39,121,0,2026-04-20 01:52:28
39,39,1,2026-04-09 19:54:51
39,187,0,2026-05-14 07:35:09
39,77,0,2026-04-04 21:53:58
39,141,0,2026-02-24 07:21:04
40,155,0,2026-03-22 04:53:40
40,56,0,2026-05-21 08:58:48
40,106,0,2026-02-16 04:13:31
40,98,0,2026-02-14 17:33:30
40,19,0,2026-05-31 02:17:37
40,44,1,2026-01-06 02:37:04
40,154,0,2026-02-09 02:05:32
40,19,1,2026-02-11 19:48:10
40,169,0,2026-04-10 17:32:42
40,145,1,2025-12-24 10:26:54
40,58,0,2026-01-30 12:48:02
40,179,0,2026-05-11 01:46:52
40,175,0,2026-01-12 08:26:15
40,54,0,2026-06-04 09:41:05
40,196,0,2026-04-30 19:01:16
40,19,1,2026-02-05 22:37:50
40,7,0,2026-01-25 13:26:14
40,167,1,2026-03-05 03:15:08
41,182,0,2026-04-27 14:07:10
41,150,0,2026-04-04 05:50:07
41,156,0,2026-04-27 08:42:30
41,96,0,2026-04-29 12:26:05
41,138,0,2026-04-26 19:57:48
41,199,0,2026-04-08 20:18:02
41,111,0,2026-02-12 15:49:58
41,112,1,2026-04-30 09:00:33
41,170,0,2026-05-29 04:13:05
41,74,0,2025-12-26 17:51:22
41,92,0,2026-05-02 04:55:14
41,52,1,2026-02-19 16:29:40
41,114,0,2026-04-30 00:16:37
41,185,0,2026-02-18 18:10:05
41,153,1,2026-03-22 13:50:58
41,134,0,2026-01-25 01:30:53
41,114,1,2026-04-24 12:01:24
41,30,0,2025-12-27 16:33:04
41,189,0,2026-04-10 04:34:54
41,109,0,2026-01-12 16:50:55
42,5,1,2026-02-19 21:31:59
42,195,0,2026-02-18 17:11:21
42,88,0,2026-05-26 08:04:10
42,56,1,2026-01-27 18:40:39
42,156,0,2025-12-25 02:41:21
42,190,0,2026-03-17 17:48:27
42,163,0,2025-12-19 23:51:14
42,81,0,2026-01-10 04:06:38
42,199,1,2026-05-26 08:10:50
42,81,0,2025-12-27 17:31:29
42,68,0,2026-01-18 02:15:28
42,89,0,2026-04-16 19:15:52
42,24,1,2026-02-07 19:56:06
42,191,0,2026-01-12 10:51:28
42,104,0,2026-04-20 21:48:41
42,85,0,2025-12-16 19:42:13
42,198,1,2026-03-14 00:27:14
42,45,0,2026-05-28 17:33:32
43,165,0,2026-05-30 00:19:03
43,150,0,2026-04-11 14:42:55
43,174,0,2026-02-09 22:59:36
43,21,0,2026-03-15 12:07:58
43,39,0,2026-03-27 03:18:55
43,68,0,2026-05-27 20:47:36
43,170,0,2026-03-30 16:09:02
43,142,0,2026-05-27 07:35:18
43,171,0,2026-03-10 12:11:33
43,114,0,2026-05-24 01:52:26
44,140,0,2026-04-08 23:29:58
44,126,0,2026-01-07 06:06:02
44,134,1,2026-03-14 14:04:01
44,156,0,2026-03-22 00:25:48
44,123,0,2025-12-14 16:59:33
44,200,0,2026-05-04 02:02:42
44,42,1,2026-03-22 13:30:43
44,105,0,2025-12-21 18:07:05
44,177,0,2026-02-18 04:51:39
44,44,1,2026-04-29 03:33:04
44,111,1,2026-04-01 09:15:30
44,9,0,2025-12-31 20:16:19
44,144,0,2026-05-18 06:47:53
44,164,1,2026-04-16 13:22:03
44,15,0,2026-03-27 21:34:50
44,145,1,2026-05-23 09:58:10
44,136,0,2026-02-16 10:43:10
44,50,0,2026-04-03 05:13:16
44,16,0,2026-02-23 10:53:07
45,124,0,2026-04-30 03:43:05
45,90,1,2026-05-26 10:16:08
45,153,0,2026-03-10 01:32:04
45,60,1,2025-12-25 01:29:25
45,97,0,2026-05-03 05:44:41
45,178,0,2026-05-29 17:07:59
45,191,1,2026-04-14 20:44:22
45,86,0,2026-02-02 09:36:55
45,82,0,2026-04-23 15:19:09
45,160,1,2026-03-24 19:38:54
45,164,0,2025-12-31 06:39:15
45,2,0,2026-03-03 01:51:36
45,143,0,2026-05-06 09:57:32
46,13,0,2025-12-31 12:16:15
46,65,0,2026-06-07 11:13:38
46,136,1,2026-01-01 03:16:20
46,51,0,2025-12-19 19:04:19
46,93,1,2026-01-01 20:43:28
46,92,0,2026-02-11 16:24:27
46,101,0,2026-04-03 07:31:05
46,16,0,2025-12-24 02:56:58
46,107,0,2026-02-26 19:16:47
46,79,0,2026-04-20 02:33:24
46,191,1,2025-12-21 00:44:18
47,32,0,2026-01-16 02:18:56
47,13,0,2026-05-19 02:54:25
47,31,0,2026-05-28 03:16:56
47,57,0,2026-03-20 22:50:00
47,68,0,2026-02-24 01:37:19
47,25,0,2026-01-24 01:19:31
47,167,0,2026-02-01 21:08:46
47,100,1,2025-12-16 11:45:59
47,90,1,2026-01-04 02:13:41
47,151,0,2026-04-30 08:34:37
47,62,1,2026-03-13 10:08:59
47,63,1,2026-05-20 16:07:03
47,103,0,2026-04-28 09:24:15
47,141,1,2026-01-02 17:13:07
47,177,0,2026-05-23 09:06:52
48,173,0,2026-04-06 12:01:34
48,74,0,2026-05-16 05:41:30
48,93,0,2026-04-18 14:06:08
48,51,0,2026-02-07 15:17:11
48,103,0,2026-04-12 11:54:23
48,95,0,2026-03-01 05:40:14
48,27,1,2026-04-28 10:16:20
48,27,1,2026-04-01 17:43:25
48,60,0,2026-04-25 15:25:48
48,10,1,2025-12-23 14:35:23
48,130,0,2026-02-01 19:51:17
48,160,0,2025-12-14 21:06:49
48,130,1,2026-05-02 00:12:22
48,12,0,2026-01-17 13:04:10
48,139,0,2026-05-23 07:30:56
49,48,0,2026-02-05 19:12:44
49,165,0,2026-05-20 20:05:20
49,177,0,2026-01-13 18:38:26
49,97,0,2026-01-16 05:22:02
49,121,0,2026-05-27 17:46:06
49,160,0,2025-12-11 19:55:35
49,39,0,2026-01-09 02:11:10
49,13,0,2026-06-06 15:02:33
49,125,0,2026-02-16 12:34:23
49,191,1,2026-04-06 21:33:21
49,19,0,2026-02-26 20:31:33
49,167,0,2026-03-17 21:59:57
49,148,0,2026-03-26 13:41:56
49,110,0,2026-05-17 20:29:22
49,159,0,2026-01-20 21:04:25
49,43,0,2026-04-10 19:28:42
49,18,0,2025-12-24 01:40:41
50,51,1,2026-02-10 13:41:15
50,136,0,2026-05-12 07:20:15
50,67,0,2026-01-08 10:11:45
50,109,0,2026-04-04 12:02:32
50,109,0,2026-03-26 12:22:24
50,7,0,2026-03-31 16:25:12
50,31,0,2026-03-07 22:56:42
50,78,1,2025-12-27 16:10:45
50,187,0,2026-05-15 19:26:13
50,106,0,2026-04-26 09:12:55
50,170,0,2026-06-01 20:52:47
50,167,1,2026-04-26 17:13:14
50,61,1,2026-04-19 08:58:57
50,58,0,2026-03-24 04:37:50
50,123,0,2026-01-11 02:19:22
50,105,0,2026-01-11 11:18:13
50,121,0,2026-01-25 18:07:08
50,28,0,2026-04-03 12:15:55
51,66,0,2026-03-27 00:12:05
51,25,0,2026-02-25 12:38:02
51,166,1,2026-02-26 12:51:30
51,32,0,2026-02-01 09:12:33
51,19,0,2026-05-28 11:16:24
51,83,1,2026-02-07 21:12:45
51,103,0,2026-04-02 11:50:48
51,99,0,2026-04-07 09:07:01
51,173,0,2026-03-22 22:03:53
51,69,0,2026-04-29 08:22:34
51,2,1,2026-05-07 07:42:50
51,159,0,2026-04-15 09:33:56
51,41,0,2026-04-06 05:05:39
52,60,0,2026-05-18 21:59:09
52,141,0,2026-01-13 14:54:39
52,58,0,2025-12-20 19:29:02
52,166,0,2026-04-22 14:46:46
52,64,0,2026-05-09 14:27:50
52,94,0,2026-04-19 20:45:35
52,79,0,2026-02-06 00:32:05
52,113,0,2026-06-04 12:58:08
52,161,0,2026-04-10 03:16:34
52,105,0,2026-01-30 01:10:23
53,68,1,2026-01-18 07:33:10
53,195,1,2026-02-14 21:42:21
53,174,0,2026-05-10 19:17:03
53,144,0,2026-05-21 16:18:59
53,21,0,2026-04-22 07:41:35
53,161,0,2026-03-30 02:20:20
53,102,0,2026-04-07 18:08:59
53,27,0,2026-02-19 21:47:25
53,89,0,2026-02-03 08:41:48
53,86,0,2026-04-28 00:48:59
53,74,0,2026-03-19 00:17:18
53,117,0,2025-12-26 11:53:38
53,100,0,2026-02-19 08:29:20
54,23,0,2026-03-22 20:19:04
54,98,0,2026-01-18 12:51:21
54,99,0,2026-01-01 14:10:17
54,157,0,2026-01-20 14:43:16
54,104,0,2026-05-21 03:10:57
54,57,0,2026-04-10 16:17:16
54,168,0,2026-04-18 08:31:58
54,85,0,2026-01-12 17:51:25
54,131,0,2026-02-27 14:42:43
54,184,0,2025-12-10 17:56:31
54,6,0,2026-02-12 02:05:18
54,151,0,2026-03-07 10:53:24
54,144,0,2026-02-01 18:16:31
54,53,0,2026-03-21 18:06:38
54,177,0,2026-01-12 07:08:32
55,127,0,2025-12-28 13:45:10
55,37,0,2026-04-14 02:33:40
55,66,0,2026-01-16 23:55:50
55,18,0,2026-01-25 07:12:43
55,133,1,2025-12-28 05:48:56
55,97,0,2026-02-04 05:57:30
55,86,0,2026-04-30 09:53:25
55,76,0,2026-05-03 16:05:02
55,100,1,2025-12-14 12:36:41
55,78,0,2026-02-18 02:16:38
55,43,0,2026-03-18 04:02:51
55,28,0,2026-05-17 18:38:22
55,190,0,2026-01-02 09:22:18
55,159,0,2026-01-16 01:10:37
55,60,1,2026-02-02 16:29:13
55,82,1,2026-01-05 22:06:21
55,123,1,2026-02-05 17:37:06
55,185,0,2026-02-04 20:12:39
55,62,1,2026-04-16 19:39:41
55,156,1,2026-02-16 22:54:50
56,23,0,2025-12-19 19:41:04
56,108,0,2026-05-17 21:52:33
56,81,0,2026-02-05 19:19:42
56,24,0,2026-03-06 00:01:39
56,193,1,2026-02-05 02:16:59
56,124,0,2026-01-05 14:03:04
56,40,0,2026-03-21 10:49:24
56,197,0,2026-02-16 10:30:48
56,196,0,2026-03-13 10:16:03
56,185,1,2026-06-01 14:27:47
56,93,0,2026-03-23 01:33:04
56,187,0,2026-05-20 03:46:08
57,149,0,2026-02-03 04:31:03
57,71,0,2026-02-13 20:15:56
57,195,1,2026-03-10 18:54:34
57,180,1,2026-05-17 23:43:24
57,153,0,2026-05-29 08:20:29
57,166,0,2026-04-18 08:48:25
57,182,0,2026-04-18 01:00:10
57,41,1,2026-04-02 00:21:31
57,183,0,2026-05-29 13:18:59
57,46,0,2026-02-28 01:06:45
57,52,1,2026-01-25 20:54:09
57,66,0,2025-12-23 02:45:33
57,19,0,2026-04-13 02:07:17
57,172,1,2026-06-04 07:13:21
57,167,1,2026-02-05 04:29:51
57,36,0,2026-04-28 17:55:16
57,74,0,2026-02-13 01:44:49
57,139,0,2026-02-10 19:32:23
57,54,0,2026-01-14 01:43:13
58,73,0,2026-02-23 19:33:36
58,184,0,2026-03-14 14:03:17
58,178,0,2026-04-12 17:13:48
58,23,1,2026-03-04 11:58:23
58,38,0,2025-12-31 18:19:43
58,79,0,2026-03-25 03:30:30
58,67,0,2026-04-17 11:40:27
58,34,0,2026-05-18 00:41:18
58,179,0,2026-05-07 01:31:05
58,63,0,2026-05-20 07:09:37
58,134,1,2026-02-13 15:31:30
58,90,1,2026-03-10 08:32:24
58,175,1,2026-01-19 00:00:29
58,85,1,2026-04-09 22:24:01
58,194,0,2026-05-20 08:24:19
58,83,0,2026-06-04 04:26:46
58,49,0,2026-05-20 00:06:19
58,59,1,2026-05-22 21:47:31
58,161,0,2026-03-30 15:44:01
58,2,0,2026-02-20 23:31:52
59,77,1,2026-05-26 02:32:03
59,155,0,2026-05-22 16:02:06
59,155,0,2026-04-18 02:41:04
59,117,0,2026-02-09 06:06:25
59,101,0,2026-02-10 13:51:41
59,146,0,2026-05-05 22:15:32
59,103,0,2026-03-31 14:49:06
59,139,0,2026-04-19 15:01:17
59,114,0,2026-03-14 06:56:21
59,179,0,2026-03-02 18:06:06
59,165,1,2026-03-21 13:29:47
59,47,0,2026-06-07 02:53:33
59,181,0,2026-05-19 10:24:38
59,135,0,2026-04-15 12:14:55
59,68,0,2026-01-22 23:05:11
59,12,0,2026-05-12 21:03:25
60,28,0,2026-01-25 06:45:08
60,177,0,2026-02-28 02:27:24
60,77,0,2026-01-09 02:33:48
60,69,1,2026-02-15 20:23:00
60,135,0,2026-02-10 16:05:07
60,47,0,2025-12-15 09:54:47
60,30,0,2026-05-26 13:43:39
60,183,0,2026-04-18 19:02:19
60,1,0,2026-05-01 08:08:50
60,18,0,2026-01-25 12:40:14
60,54,1,2026-01-10 10:49:26
60,72,0,2026-02-22 10:30:02
60,76,0,2026-04-19 19:08:45
60,173,1,2026-04-14 09:18:37
60,45,0,2026-05-30 02:51:09
60,167,1,2025-12-14 21:23:25
60,107,0,2026-01-16 17:22:32
60,90,0,2026-05-08 06:09:06
60,112,0,2026-01-23 13:41:40
61,159,0,2026-03-28 17:51:14
61,31,0,2026-03-23 19:57:03
61,105,0,2026-03-04 01:34:14
61,156,1,2026-04-22 15:28:23
61,115,0,2026-02-17 00:58:44
61,162,1,2025-12-29 04:06:31
61,189,1,2026-01-11 19:41:39
61,22,0,2026-03-19 17:30:32
61,196,1,2026-03-26 05:20:41
61,7,0,2026-03-27 04:27:25
61,153,0,2026-04-13 17:29:21
61,116,0,2026-03-24 21:36:17
61,74,0,2026-01-06 10:23:31
61,62,0,2026-05-05 11:23:21
61,57,0,2026-03-02 21:33:22
61,15,0,2026-05-08 05:06:40
61,159,0,2026-05-10 04:12:45
61,62,1,2026-01-09 00:11:11
62,195,0,2025-12-18 22:45:44
62,1,0,2026-05-23 10:18:10
62,141,0,2026-06-05 11:24:52
62,103,0,2026-01-13 00:44:13
62,49,1,2026-03-02 06:18:25
62,102,0,2026-01-18 17:10:42
62,175,1,2026-04-11 09:47:36
62,78,0,2026-05-06 19:03:18
62,191,0,2026-02-18 14:21:11
62,117,0,2026-04-13 21:37:38
62,18,0,2026-04-28 15:29:58
62,169,0,2025-12-22 06:57:31
62,174,0,2026-03-26 11:26:56
62,121,0,2026-01-03 12:47:15
63,22,0,2026-04-20 15:34:30
63,141,0,2026-02-20 16:56:17
63,121,0,2026-05-13 14:28:06
63,5,0,2026-04-18 04:47:25
63,158,0,2026-01-16 15:49:33
63,76,0,2026-01-26 22:18:57
63,27,1,2026-03-19 20:47:23
63,1,0,2026-06-07 13:57:37
63,188,0,2026-04-15 02:12:08
63,127,1,2025-12-31 20:08:45
63,42,0,2026-04-12 07:11:45
63,183,0,2026-02-23 09:59:32
63,40,1,2026-05-22 22:59:34
63,152,0,2026-05-12 04:33:22
63,153,0,2026-05-03 07:29:55
63,33,0,2026-02-04 03:36:36
64,172,0,2026-01-01 03:21:39
64,183,0,2026-01-03 12:08:08
64,55,0,2026-01-22 05:00:08
64,160,0,2026-03-24 17:28:43
64,193,0,2026-04-11 06:37:09
64,86,0,2026-01-05 20:20:38
64,117,0,2026-05-25 01:05:01
64,144,0,2026-02-28 11:33:31
64,133,0,2026-01-05 01:43:49
64,113,0,2026-01-16 13:26:35
64,111,0,2025-12-10 12:58:29
65,163,0,2026-06-02 19:03:48
65,48,1,2026-02-25 21:49:22
65,72,0,2025-12-27 11:22:02
65,113,0,2026-05-11 10:34:24
65,160,1,2026-02-15 16:03:02
65,27,0,2026-05-24 13:22:24
65,135,0,2026-01-06 02:14:29
65,104,1,2026-02-01 13:44:15
65,19,0,2026-04-19 18:48:05
65,113,1,2026-02-07 21:26:16
65,33,1,2026-03-16 04:33:59
65,137,0,2026-06-03 01:38:32
66,120,1,2026-01-26 01:22:24
66,139,0,2026-04-30 23:26:04
66,80,1,2026-03-22 02:03:46
66,181,0,2026-01-30 13:43:37
66,29,0,2026-02-04 00:36:11
66,132,0,2026-02-26 23:47:14
66,79,0,2026-01-13 06:26:28
66,161,0,2026-04-28 09:42:51
66,122,0,2026-01-10 18:40:51
66,164,0,2026-02-11 22:35:36
66,87,1,2025-12-12 17:22:08
66,109,0,2026-02-08 16:51:54
66,94,0,2026-03-23 19:41:31
66,198,0,2026-05-07 18:56:39
66,125,0,2026-02-13 22:37:00
67,41,0,2026-04-27 03:55:37
67,163,0,2026-04-16 15:39:11
67,10,0,2025-12-14 18:04:49
67,99,0,2026-04-24 09:00:13
67,172,0,2026-01-23 12:25:52
67,79,0,2025-12-30 04:39:39
67,15,0,2026-03-12 01:59:20
67,125,0,2026-01-21 04:07:27
67,111,0,2026-05-07 16:26:57
67,84,1,2026-03-07 18:37:28
67,129,0,2026-04-19 19:30:50
67,170,0,2026-04-02 14:57:39
67,43,0,2026-01-25 20:36:53
67,139,0,2026-02-05 01:52:19
68,144,0,2026-03-08 03:19:31
68,138,0,2026-04-22 12:23:18
68,189,0,2026-04-16 19:45:32
68,134,0,2026-02-21 05:34:31
68,128,0,2026-03-28 01:08:25
68,75,1,2026-02-16 18:20:29
68,119,0,2026-01-23 20:46:19
68,70,0,2026-05-17 10:59:25
68,153,0,2025-12-20 02:38:06
68,145,0,2026-01-06 23:35:15
68,196,0,2026-05-19 10:28:38
68,71,0,2026-02-10 22:48:39
68,24,0,2025-12-24 15:20:46
68,124,0,2026-01-05 07:04:21
68,27,0,2026-05-05 12:14:42
68,86,0,2026-01-13 01:21:40
68,38,0,2026-02-23 00:45:33
69,124,1,2026-03-01 23:18:34
69,112,0,2025-12-13 01:29:37
69,118,0,2026-01-05 21:20:30
69,185,0,2026-03-06 07:03:23
69,144,0,2026-05-06 15:35:21
69,76,1,2026-04-07 13:16:52
69,68,1,2026-02-16 15:12:30
69,190,0,2026-05-29 11:21:15
69,172,1,2026-02-03 11:29:08
69,136,1,2026-01-24 17:58:31
69,66,1,2026-01-23 04:22:08
69,93,0,2026-03-05 16:25:11
69,52,0,2025-12-27 05:22:37
69,76,1,2026-05-14 20:47:43
69,3,0,2026-01-10 11:28:38
69,79,0,2026-05-04 08:08:26
69,68,1,2026-04-14 08:47:29
69,122,0,2026-03-25 06:08:44
69,187,0,2026-02-18 08:41:51
70,181,1,2026-02-05 21:41:41
70,181,0,2025-12-11 01:24:27
70,40,0,2026-02-08 09:57:02
70,60,0,2026-04-17 07:33:11
70,56,0,2025-12-23 07:19:25
70,142,0,2026-02-25 07:03:06
70,163,0,2026-02-15 14:14:56
70,166,1,2026-01-02 20:04:01
70,173,0,2026-03-03 15:36:02
70,186,0,2026-01-25 23:59:42
70,171,0,2026-04-29 05:02:52
70,123,1,2026-04-30 00:27:49
70,43,0,2026-01-17 19:49:57
70,135,0,2025-12-15 13:59:09
70,198,0,2026-04-01 20:38:29
71,70,0,2025-12-21 22:05:40
71,34,0,2026-02-14 18:21:58
71,10,0,2026-03-11 04:28:49
71,137,0,2026-01-18 23:33:16
71,188,1,2026-06-07 11:29:53
71,134,0,2026-04-23 02:11:28
71,38,0,2026-03-21 01:42:56
71,163,0,2026-02-18 11:44:07
71,138,0,2026-01-20 14:50:10
71,39,0,2026-05-17 22:50:09
71,126,0,2026-03-25 21:03:33
71,6,0,2026-02-10 16:15:00
71,20,0,2026-04-02 00:11:57
71,21,1,2026-01-30 22:07:07
72,136,0,2026-04-17 22:25:28
72,147,1,2025-12-14 23:22:26
72,18,0,2026-05-28 05:07:26
72,187,1,2026-03-09 14:12:13
72,146,0,2026-05-22 09:19:00
72,162,1,2026-05-23 20:17:40
72,130,1,2026-04-27 13:32:24
72,129,0,2026-01-08 11:54:33
72,9,0,2026-03-16 12:00:31
72,93,0,2026-01-30 19:04:58
72,55,0,2026-03-25 12:38:20
72,179,0,2026-05-14 01:10:53
72,148,0,2026-02-25 03:49:35
72,65,0,2025-12-29 01:24:47
72,58,0,2026-05-19 16:42:29
72,164,0,2025-12-17 18:44:11
72,62,0,2026-03-04 10:51:12
72,135,0,2026-02-09 21:15:21
73,38,0,2026-05-08 03:45:21
73,168,0,2026-05-20 18:16:30
73,69,0,2026-05-12 04:32:51
73,82,0,2026-02-17 04:59:37
73,59,0,2026-02-12 14:13:02
73,47,0,2026-06-03 14:50:24
73,34,1,2026-04-16 11:51:32
73,139,0,2026-01-05 17:10:50
73,150,1,2026-01-20 10:03:10
73,46,0,2026-05-26 18:34:16
73,144,0,2026-01-28 06:15:31
73,194,0,2026-03-10 17:20:29
73,194,0,2026-04-05 13:38:11
73,124,0,2026-04-17 10:39:13
73,181,0,2026-02-01 16:17:28
74,144,0,2026-01-03 17:04:44
74,53,1,2026-04-26 03:15:38
74,80,0,2025-12-24 02:55:38
74,27,0,2026-01-03 22:53:31
74,65,0,2025-12-19 00:20:13
74,158,0,2025-12-18 02:05:45
74,90,0,2026-03-26 22:49:02
74,132,0,2026-02-25 12:01:23
74,74,0,2026-05-23 22:27:37
74,5,0,2026-04-08 03:39:42
74,168,0,2026-04-28 13:33:47
74,51,0,2026-05-12 13:44:23
74,103,0,2026-02-04 14:40:56
74,13,0,2026-01-03 14:31:32
74,196,1,2026-05-23 16:41:11
75,46,0,2026-03-06 13:14:06
75,169,0,2026-03-21 19:01:57
75,69,1,2026-03-25 20:22:23
75,150,0,2026-02-22 07:00:37
75,6,0,2026-03-03 11:44:10
75,104,0,2026-05-12 06:43:25
75,181,0,2026-04-21 10:04:58
75,89,1,2026-02-04 22:16:52
75,74,0,2026-04-10 10:24:40
75,85,0,2026-04-25 02:11:03
75,58,0,2026-01-26 22:19:08
75,50,0,2026-04-30 10:09:43
75,167,0,2026-04-28 16:14:10
76,98,0,2026-02-09 05:06:00
76,190,0,2026-03-10 18:38:32
76,147,1,2026-06-04 17:06:25
76,180,0,2026-05-03 15:35:44
76,74,0,2026-01-15 14:26:35
76,135,0,2026-01-01 01:03:03
76,63,0,2026-05-24 09:19:21
76,30,0,2026-01-04 21:23:51
76,119,0,2026-04-19 06:13:58
76,84,0,2026-01-27 18:16:18
76,57,0,2026-02-01 06:30:41
76,30,0,2025-12-24 18:56:06
76,36,1,2026-04-18 17:31:18
76,128,0,2026-03-25 17:49:46
76,92,0,2026-02-17 20:08:41
77,179,0,2026-04-08 09:42:41
77,130,1,2025-12-17 14:36:23
77,95,0,2026-02-18 08:27:25
77,139,0,2026-03-14 05:07:55
77,155,0,2026-05-15 18:54:20
77,6,0,2025-12-17 03:10:36
77,113,0,2026-03-09 06:27:08
77,134,0,2026-03-27 22:11:30
77,195,1,2026-02-11 15:01:33
77,129,0,2026-05-29 08:54:21
77,89,0,2026-01-19 09:13:58
77,21,0,2025-12-30 04:03:54
77,133,0,2026-04-15 00:44:25
77,22,0,2025-12-31 11:36:42
78,26,0,2026-03-31 11:29:45
78,16,0,2026-05-24 18:57:06
78,57,0,2026-02-18 07:32:27
78,27,1,2026-02-26 22:58:33
78,102,0,2026-05-19 20:23:05
78,101,0,2026-04-11 17:34:33
78,60,0,2026-04-02 00:47:50
78,137,0,2026-04-06 16:11:32
78,84,1,2026-01-29 22:16:42
78,104,1,2026-02-14 00:15:20
78,13,0,2025-12-19 23:15:25
78,77,0,2026-02-24 13:38:59
78,163,1,2026-01-28 12:46:27
78,164,0,2026-01-14 16:41:54
79,188,0,2026-04-30 03:44:02
79,51,1,2025-12-10 09:11:20
79,130,1,2025-12-16 09:47:52
79,10,0,2025-12-13 11:01:35
79,170,0,2026-05-15 12:33:42
79,20,0,2026-04-27 13:06:28
79,95,0,2025-12-27 22:03:56
79,91,0,2026-04-24 02:33:11
79,86,1,2026-05-17 18:15:35
79,67,0,2026-01-20 01:17:48
79,44,1,2025-12-27 03:20:14
79,101,0,2026-02-03 20:57:06
79,82,1,2026-04-24 14:59:53
79,151,0,2026-03-13 21:57:25
79,67,0,2025-12-19 19:27:21
79,54,0,2026-05-02 11:14:19
80,8,0,2026-04-23 01:46:32
80,56,0,2026-05-28 12:19:53
80,187,0,2026-02-12 00:19:02
80,12,0,2026-03-19 08:33:50
80,71,0,2026-05-06 09:34:57
80,200,0,2025-12-29 10:45:30
80,160,0,2026-04-04 03:39:21
80,172,0,2026-03-04 09:44:53
80,40,0,2026-04-29 23:55:09
80,113,0,2026-05-05 03:01:07
80,114,0,2026-01-26 21:14:48
80,192,0,2026-06-02 19:14:52
80,168,0,2026-01-24 06:18:08
80,155,0,2026-04-05 07:48:03
80,173,1,2026-02-06 14:52:29
81,173,0,2026-01-19 17:33:55
81,169,0,2026-04-28 20:49:03
81,145,0,2026-04-17 23:33:34
81,9,0,2026-03-09 10:22:02
81,174,0,2026-02-28 16:40:32
81,141,0,2026-05-25 05:21:15
81,35,0,2026-02-03 14:45:58
81,32,0,2026-05-04 00:55:18
81,191,1,2026-04-25 16:57:48
81,98,0,2026-03-18 07:21:17
81,81,0,2026-02-06 05:01:27
81,19,0,2025-12-19 00:59:46
82,55,0,2026-03-30 13:33:43
82,46,1,2026-03-14 18:46:14
82,10,0,2026-03-17 11:08:10
82,120,1,2026-01-06 01:58:49
82,73,0,2026-01-03 16:29:11
82,68,0,2026-05-29 03:01:29
82,70,1,2026-05-03 20:42:03
82,81,0,2026-01-18 18:30:45
82,64,1,2026-04-08 14:29:50
82,71,0,2026-03-01 23:27:57
82,78,0,2026-04-10 08:07:35
82,187,0,2026-01-23 23:08:21
82,161,1,2026-01-01 23:35:57
82,136,0,2026-01-10 20:24:47
83,68,0,2025-12-16 15:08:44
83,115,0,2026-05-25 04:36:12
83,138,1,2026-04-20 09:00:24
83,58,0,2026-05-05 05:21:05
83,168,0,2026-01-17 15:07:52
83,128,1,2025-12-15 07:01:49
83,6,1,2026-04-26 15:17:33
83,172,0,2026-04-01 12:04:55
83,148,0,2026-03-22 09:35:43
83,192,0,2026-03-02 18:25:19
83,24,1,2026-02-14 21:18:03
83,43,0,2026-04-13 19:12:09
83,11,0,2026-05-25 04:28:11
83,177,1,2026-02-22 00:32:20
83,83,1,2026-02-07 10:16:28
83,49,0,2026-01-09 08:51:16
84,2,0,2026-05-18 23:13:31
84,1,0,2026-04-28 02:14:25
84,82,0,2026-02-06 10:20:53
84,114,0,2026-02-13 15:57:40
84,199,0,2026-03-19 02:56:48
84,151,0,2026-05-12 00:01:17
84,83,0,2026-05-27 16:57:33
84,104,0,2025-12-14 09:57:32
84,112,0,2026-03-10 03:45:53
84,5,1,2026-03-29 23:26:12
84,54,0,2026-02-20 11:07:56
85,2,0,2026-01-05 18:55:10
85,60,0,2026-02-28 01:31:35
85,176,0,2026-03-23 10:57:23
85,36,0,2026-02-11 22:17:21
85,170,0,2026-04-01 23:46:16
85,166,0,2026-02-01 02:53:48
85,145,0,2026-02-17 07:07:16
85,21,0,2026-01-08 19:58:41
85,57,0,2026-05-28 18:39:05
85,20,0,2026-03-18 02:57:23
86,68,0,2025-12-17 19:44:50
86,157,0,2026-04-03 18:15:50
86,16,0,2026-03-19 16:06:53
86,113,0,2026-04-25 08:10:52
86,95,0,2026-05-30 10:39:09
86,5,0,2026-04-24 00:13:10
86,156,0,2025-12-15 00:45:12
86,168,1,2026-05-21 11:16:04
86,98,0,2025-12-24 00:26:55
86,194,0,2026-02-08 13:43:48
86,146,0,2025-12-30 01:05:45
86,119,0,2026-01-08 20:10:29
86,188,0,2025-12-27 03:35:47
86,149,0,2026-05-10 16:18:11
86,159,0,2026-05-18 02:02:57
86,198,0,2026-05-21 04:05:21
86,114,0,2026-02-22 10:00:09
86,148,0,2026-05-13 08:12:14
86,150,0,2026-03-31 06:36:50
86,66,0,2026-01-26 12:40:03
87,183,0,2026-01-07 14:21:52
87,50,1,2026-05-12 01:17:16
87,95,0,2026-05-28 01:04:15
87,31,0,2026-05-28 08:19:38
87,152,0,2026-05-05 23:54:13
87,132,0,2026-05-08 14:00:45
87,99,1,2026-04-16 09:19:41
87,11,0,2026-05-15 11:29:25
87,84,1,2026-01-15 02:10:44
87,48,0,2026-03-29 09:08:20
87,106,0,2025-12-26 02:24:20
88,74,0,2026-02-14 11:03:54
88,67,0,2026-04-14 15:48:39
88,3,0,2026-04-23 06:48:11
88,36,0,2026-05-06 18:30:51
88,33,0,2026-01-28 04:10:50
88,95,1,2026-03-03 13:54:15
88,136,1,2026-02-16 18:43:13
88,43,0,2026-05-15 21:41:15
88,130,0,2026-01-15 12:07:30
88,131,0,2026-02-08 00:47:54
88,147,0,2026-05-18 08:43:04
88,120,0,2025-12-10 10:03:34
88,63,0,2026-03-15 12:46:01
88,6,0,2025-12-21 17:26:07
88,46,0,2026-05-29 07:52:09
89,33,1,2025-12-25 10:33:35
89,150,0,2026-02-02 13:12:10
89,197,0,2026-02-27 08:42:40
89,58,1,2026-05-22 07:40:28
89,191,0,2026-04-25 02:46:46
89,181,0,2026-06-03 19:36:53
89,188,0,2026-03-25 15:20:46
89,126,1,2026-03-31 08:53:24
89,150,0,2026-04-12 01:30:24
89,200,0,2026-04-28 20:16:39
89,21,0,2026-02-22 01:38:41
89,147,1,2026-02-22 16:18:58
89,75,0,2026-03-29 06:04:14
89,30,0,2025-12-19 19:05:08
89,64,0,2026-03-11 23:38:38
90,20,0,2026-01-24 20:05:09
90,77,1,2026-02-08 12:45:40
90,7,0,2026-03-03 12:51:42
90,37,0,2026-01-05 11:03:34
90,195,0,2025-12-09 22:38:48
90,98,0,2026-06-05 05:00:55
90,33,1,2026-06-02 16:28:49
90,85,0,2026-06-05 10:27:38
90,113,0,2026-01-28 14:45:23
90,135,0,2026-02-22 15:40:44
90,89,0,2026-01-04 11:31:34
91,131,0,2026-03-25 15:52:13
91,56,0,2025-12-22 16:50:47
91,178,0,2026-04-06 11:40:06
91,2,0,2026-01-26 01:51:57
91,45,0,2026-02-26 13:35:25
91,117,0,2026-05-21 05:55:55
91,8,1,2026-01-19 10:49:52
91,150,1,2026-05-05 15:41:05
91,180,0,2026-02-08 02:24:05
91,61,0,2026-01-15 02:29:29
91,83,0,2026-04-17 10:00:02
92,35,0,2026-01-17 20:51:46
92,194,0,2026-01-24 13:41:12
92,33,0,2026-02-13 23:49:08
92,184,0,2026-03-16 15:27:21
92,113,0,2026-02-06 09:09:07
92,74,0,2025-12-15 01:47:49
92,5,0,2026-03-13 20:35:01
92,135,0,2026-05-15 03:16:40
92,168,0,2026-04-29 19:58:22
92,165,1,2026-03-13 03:14:14
92,61,0,2026-02-07 05:47:41
92,160,0,2026-03-27 13:00:42
92,192,0,2025-12-19 10:39:53
92,127,0,2026-03-18 13:27:02
93,93,1,2026-02-14 12:38:58
93,179,0,2026-05-04 04:18:38
93,79,0,2026-01-10 21:55:26
93,181,0,2026-01-28 03:43:22
93,166,0,2026-05-25 12:31:17
93,120,0,2026-02-10 11:11:17
93,95,0,2026-04-27 23:44:44
93,147,0,2026-02-26 22:45:30
93,30,0,2026-05-09 19:54:33
93,35,1,2025-12-13 03:06:19
93,36,0,2025-12-13 16:31:45
93,74,0,2025-12-11 19:31:01
93,61,0,2026-03-03 21:27:47
94,44,0,2026-02-03 01:32:45
94,92,1,2026-05-04 06:40:05
94,190,0,2025-12-11 23:08:57
94,124,0,2026-06-04 16:53:17
94,11,1,2026-04-15 23:14:26
94,76,0,2026-06-05 12:37:06
94,75,0,2026-01-09 11:59:11
94,101,1,2026-02-27 02:39:31
94,197,0,2026-01-07 11:05:41
94,106,0,2026-03-15 12:23:34
94,23,0,2026-05-08 10:44:30
94,124,0,2026-05-12 02:39:10
94,199,0,2026-04-21 21:37:56
94,40,0,2026-02-13 18:27:26
94,102,1,2026-01-12 11:21:17
95,135,0,2025-12-12 11:49:14
95,119,1,2025-12-16 18:15:43
95,121,0,2026-01-11 09:51:11
95,185,1,2026-02-10 12:30:38
95,183,0,2026-02-03 08:56:12
95,33,0,2026-02-12 09:23:20
95,68,0,2026-05-06 16:19:26
95,145,0,2026-03-05 22:04:49
95,94,0,2026-01-27 06:59:43
95,92,0,2025-12-23 20:08:02
95,196,0,2026-03-13 08:09:38
95,33,0,2026-02-05 10:20:11
95,193,0,2026-02-07 22:01:54
95,83,0,2026-03-16 21:26:46
95,134,0,2026-05-17 21:47:32
95,64,0,2026-01-16 13:14:42
96,139,0,2026-01-16 13:47:57
96,137,1,2026-01-17 20:49:02
96,22,0,2026-05-14 06:20:49
96,138,0,2026-05-19 03:54:37
96,166,0,2026-02-05 04:48:44
96,119,0,2025-12-12 17:37:58
96,151,1,2026-05-31 17:10:24
96,41,0,2026-03-06 22:32:41
96,10,0,2026-06-03 01:54:31
96,40,1,2026-04-29 18:56:26
96,10,0,2026-05-17 11:40:12
96,141,0,2025-12-31 00:12:10
96,50,0,2026-01-16 14:24:45
96,53,0,2026-04-09 20:52:02
96,72,0,2026-02-24 04:36:39
96,91,1,2026-02-20 01:13:54
96,140,0,2025-12-11 02:33:42
96,168,0,2026-03-23 22:07:20
97,134,0,2026-02-07 05:30:18
97,172,0,2026-06-06 00:08:35
97,150,1,2026-06-06 07:56:13
97,155,0,2026-02-12 10:00:54
97,93,0,2026-02-23 13:10:22
97,51,0,2026-02-05 00:03:56
97,70,0,2026-01-17 23:50:29
97,65,0,2026-04-29 00:12:24
97,174,0,2026-04-18 13:11:36
97,75,0,2026-04-04 01:18:33
98,182,0,2026-02-23 18:57:29
98,194,0,2026-04-20 02:49:03
98,44,0,2025-12-16 03:59:44
98,66,1,2025-12-17 09:18:09
98,157,0,2026-01-29 23:08:36
98,126,0,2026-02-13 15:50:47
98,48,0,2026-05-12 06:08:00
98,86,0,2026-04-30 03:54:49
98,200,1,2026-04-01 12:16:47
98,60,0,2026-01-30 12:18:31
98,187,0,2026-06-01 18:54:05
98,6,0,2026-03-01 07:12:56
98,82,0,2026-04-13 12:36:44
98,177,0,2026-03-03 02:00:07
98,179,0,2026-05-30 20:47:04
98,126,0,2026-02-01 09:10:31
98,149,1,2026-04-26 15:11:24
98,173,1,2026-05-31 00:41:44
98,158,1,2026-01-30 14:17:03
99,125,1,2026-01-05 05:03:48
99,84,0,2026-01-06 00:59:23
99,60,0,2026-04-26 23:50:53
99,54,0,2026-02-21 15:15:25
99,184,0,2026-05-01 00:27:36
99,126,0,2026-04-14 20:42:00
99,199,0,2026-03-25 12:34:50
99,116,0,2026-01-09 06:52:34
99,51,0,2026-05-17 11:49:35
99,61,0,2026-04-20 10:09:55
99,140,0,2026-02-07 04:33:55
99,41,0,2026-01-15 10:37:44
99,5,0,2026-01-17 08:22:48
99,115,0,2026-01-28 18:36:51
99,83,0,2026-03-30 22:05:26
99,107,0,2026-02-24 12:16:05
99,50,1,2026-05-26 23:10:45
99,179,0,2026-05-23 00:36:28
99,191,1,2026-01-23 01:06:32
100,172,0,2026-04-03 13:45:14
100,25,0,2026-01-16 13:38:19
100,63,0,2026-01-03 09:18:41
100,123,0,2026-03-17 17:20:05
100,4,0,2026-02-12 07:03:10
100,183,1,2026-03-04 08:41:57
100,135,1,2026-05-17 20:44:11
100,84,0,2026-01-16 12:59:20
100,136,0,2026-02-07 13:00:14
100,134,0,2026-04-01 09:23:40
100,193,0,2026-01-18 03:10:07
100,182,0,2026-05-11 16:04:37
100,7,0,2026-04-13 03:17:05
100,126,0,2026-01-12 19:52:39
100,109,0,2026-05-22 01:55:51
100,178,0,2026-01-30 00:34:13
100,91,0,2026-03-12 05:44:48
